antecedents,consequents,support,confidence,lift
"dahi, double roti",paratha,0.000796918581484925,0.5714285714285714,358.5238095238095
paratha,"dahi, double roti",0.000796918581484925,0.5,358.5238095238095
paratha,"anda, dahi",0.0008633284632753354,0.5416666666666667,354.62681159420293
paratha,"dahi, doodh",0.0008633284632753354,0.5416666666666667,354.62681159420293
"anda, dahi",paratha,0.0008633284632753354,0.5652173913043478,354.6268115942029
"dahi, doodh",paratha,0.0008633284632753354,0.5652173913043478,354.6268115942029
cheeni,"chai patti, rusk",0.001925886571921902,0.6170212765957447,309.7035460992908
"chai patti, rusk",cheeni,0.001925886571921902,0.9666666666666667,309.7035460992908
cheeni,"biscuits, chai patti",0.00159383716296985,0.5106382978723405,307.5676595744681
"biscuits, chai patti",cheeni,0.00159383716296985,0.9600000000000001,307.5676595744681
daal,"atta, tamatar",0.0013281976358082083,0.4,301.16
"atta, tamatar",daal,0.0013281976358082083,1.0,301.16
cheeni,"biscuits, rusk",0.0009961482268561561,0.3191489361702128,300.3590425531915
"biscuits, rusk",cheeni,0.0009961482268561561,0.9374999999999999,300.35904255319144
paratha,"doodh, double roti",0.001461017399389029,0.9166666666666666,300.0688405797101
double roti,"anda, paratha",0.001461017399389029,0.4583333333333333,300.0688405797101
"doodh, double roti",paratha,0.001461017399389029,0.47826086956521735,300.0688405797101
"anda, paratha",double roti,0.001461017399389029,0.9565217391304347,300.0688405797101
cheeni,"doodh, rusk",0.0017930668083410812,0.574468085106383,298.2876008804109
"doodh, rusk",cheeni,0.0017930668083410812,0.9310344827586208,298.2876008804109
chai patti,"biscuits, cheeni",0.00159383716296985,0.47058823529411764,295.2549019607843
chai patti,"biscuits, rusk",0.0010625581086465667,0.3137254901960784,295.2549019607843
"biscuits, cheeni",chai patti,0.00159383716296985,1.0,295.2549019607843
chai patti,"cheeni, rusk",0.001925886571921902,0.5686274509803921,295.2549019607843
"biscuits, rusk",chai patti,0.0010625581086465667,1.0,295.2549019607843
"cheeni, rusk",chai patti,0.001925886571921902,1.0,295.2549019607843
cheeni,"biscuits, doodh",0.0015274272811794396,0.4893617021276596,294.75234042553194
"biscuits, doodh",cheeni,0.0015274272811794396,0.92,294.75234042553194
paratha,"anda, doodh",0.0015274272811794396,0.9583333333333334,294.5017006802721
"anda, doodh",paratha,0.0015274272811794396,0.46938775510204084,294.5017006802721
"anda, doodh",double roti,0.003054854562358879,0.9387755102040817,294.5017006802721
double roti,"anda, doodh",0.003054854562358879,0.9583333333333334,294.5017006802721
"chai patti, doodh",cheeni,0.002922034798778058,0.9166666666666666,293.6843971631206
cheeni,"chai patti, doodh",0.002922034798778058,0.9361702127659575,293.6843971631206
"anda, double roti",paratha,0.001461017399389029,0.46808510638297873,293.6843971631206
paratha,"anda, double roti",0.001461017399389029,0.9166666666666666,293.6843971631206
rusk,"biscuits, chai patti",0.0010625581086465667,0.4848484848484849,292.0339393939394
"biscuits, chai patti",rusk,0.0010625581086465667,0.64,292.0339393939394
anda,"double roti, paratha",0.001461017399389029,0.423076923076923,289.57692307692304
anda,"dahi, double roti",0.0013946075175986187,0.4038461538461538,289.57692307692304
anda,"doodh, double roti",0.003054854562358879,0.8846153846153846,289.57692307692304
"doodh, double roti",anda,0.003054854562358879,1.0,289.57692307692304
"dahi, double roti",anda,0.0013946075175986187,1.0,289.57692307692304
"dahi, paratha",double roti,0.000796918581484925,0.923076923076923,289.57692307692304
double roti,"dahi, paratha",0.000796918581484925,0.25,289.57692307692304
"dahi, paratha",anda,0.0008633284632753354,1.0,289.57692307692304
anda,"dahi, paratha",0.0008633284632753354,0.25,289.57692307692304
"daal, tamatar",atta,0.0013281976358082083,1.0,289.57692307692304
"double roti, paratha",anda,0.001461017399389029,1.0,289.57692307692304
"daal, pyaaz",atta,0.0016602470447602603,1.0,289.57692307692304
atta,"daal, pyaaz",0.0016602470447602603,0.4807692307692307,289.57692307692304
atta,"daal, tamatar",0.0013281976358082083,0.3846153846153846,289.57692307692304
chai patti,cheeni,0.003054854562358879,0.9019607843137255,288.97288277012933
cheeni,chai patti,0.003054854562358879,0.9787234042553192,288.97288277012933
"cheeni, doodh",chai patti,0.002922034798778058,0.9777777777777777,288.69368191721134
chai patti,"cheeni, doodh",0.002922034798778058,0.8627450980392156,288.6936819172113
daal,"atta, namak",0.001461017399389029,0.44,288.0660869565217
"atta, namak",daal,0.001461017399389029,0.9565217391304347,288.0660869565217
"atta, cooking oil",daal,0.002855624916987648,0.9555555555555556,287.77511111111113
daal,"atta, cooking oil",0.002855624916987648,0.8600000000000001,287.77511111111113
"chai patti, cheeni",rusk,0.001925886571921902,0.6304347826086956,287.66930171277994
rusk,"chai patti, cheeni",0.001925886571921902,0.8787878787878788,287.66930171277994
double roti,"doodh, paratha",0.001461017399389029,0.4583333333333333,287.56597222222223
"doodh, paratha",double roti,0.001461017399389029,0.9166666666666666,287.56597222222223
double roti,paratha,0.001461017399389029,0.4583333333333333,287.56597222222223
paratha,double roti,0.001461017399389029,0.9166666666666666,287.56597222222223
"anda, dahi",double roti,0.0013946075175986187,0.9130434782608695,286.42934782608694
double roti,"anda, dahi",0.0013946075175986187,0.4375,286.42934782608694
"biscuits, cheeni",rusk,0.0009961482268561561,0.625,285.18939393939394
rusk,"biscuits, cheeni",0.0009961482268561561,0.45454545454545453,285.18939393939394
"doodh, rusk",chai patti,0.0018594766901314915,0.9655172413793104,285.07369844489523
chai patti,"doodh, rusk",0.0018594766901314915,0.5490196078431372,285.0736984448952
anda,double roti,0.0031212644441492893,0.9038461538461537,283.5440705128205
double roti,anda,0.0031212644441492893,0.9791666666666666,283.5440705128205
chai patti,"biscuits, doodh",0.00159383716296985,0.47058823529411764,283.44470588235293
"biscuits, doodh",chai patti,0.00159383716296985,0.9600000000000001,283.44470588235293
rusk,cheeni,0.001925886571921902,0.8787878787878788,281.54867827208255
cheeni,rusk,0.001925886571921902,0.6170212765957447,281.54867827208255
"atta, pyaaz",daal,0.0016602470447602603,0.9259259259259259,278.85185185185185
daal,"atta, pyaaz",0.0016602470447602603,0.5,278.85185185185185
anda,paratha,0.0015274272811794396,0.4423076923076923,277.51121794871796
paratha,anda,0.0015274272811794396,0.9583333333333334,277.51121794871796
"doodh, paratha",anda,0.0015274272811794396,0.9583333333333334,277.51121794871796
anda,"doodh, paratha",0.0015274272811794396,0.4423076923076923,277.51121794871796
"dahi, doodh",anda,0.001461017399389029,0.9565217391304347,276.98662207357853
anda,"dahi, doodh",0.001461017399389029,0.423076923076923,276.98662207357853
atta,"daal, namak",0.001461017399389029,0.423076923076923,276.98662207357853
"daal, namak",atta,0.001461017399389029,0.9565217391304347,276.98662207357853
atta,"cooking oil, daal",0.002855624916987648,0.8269230769230769,276.7068376068376
"cooking oil, daal",atta,0.002855624916987648,0.9555555555555556,276.7068376068376
daal,"namak, tamatar",0.0007305086996945145,0.22,276.06333333333333
"namak, tamatar",daal,0.0007305086996945145,0.9166666666666666,276.06333333333333
"biscuits, doodh",rusk,0.0009961482268561561,0.6,273.7818181818182
"cheeni, doodh",rusk,0.0017930668083410812,0.6,273.7818181818182
rusk,"cheeni, doodh",0.0017930668083410812,0.8181818181818182,273.7818181818182
rusk,"biscuits, doodh",0.0009961482268561561,0.45454545454545453,273.78181818181815
double roti,"dahi, doodh",0.0013281976358082083,0.4166666666666667,272.78985507246375
"dahi, doodh",double roti,0.0013281976358082083,0.8695652173913043,272.78985507246375
rusk,chai patti,0.0019922964537123122,0.9090909090909091,268.4135472370766
chai patti,rusk,0.0019922964537123122,0.588235294117647,268.4135472370766
biscuits,"chai patti, rusk",0.0010625581086465667,0.5333333333333334,267.69777777777784
"chai patti, rusk",biscuits,0.0010625581086465667,0.5333333333333334,267.69777777777784
atta,daal,0.003054854562358879,0.8846153846153846,266.41076923076923
daal,atta,0.003054854562358879,0.92,266.41076923076923
"chai patti, doodh",rusk,0.0018594766901314915,0.5833333333333334,266.1767676767677
rusk,"chai patti, doodh",0.0018594766901314915,0.8484848484848485,266.17676767676767
"namak, tamatar",atta,0.0007305086996945145,0.9166666666666666,265.4455128205128
atta,"namak, tamatar",0.0007305086996945145,0.2115384615384615,265.44551282051276
"chai patti, cheeni",biscuits,0.00159383716296985,0.5217391304347826,261.8782608695652
biscuits,"chai patti, cheeni",0.00159383716296985,0.8,261.8782608695652
"cheeni, rusk",biscuits,0.0009961482268561561,0.5172413793103449,259.62068965517244
biscuits,"doodh, rusk",0.0009961482268561561,0.5,259.62068965517244
"doodh, rusk",biscuits,0.0009961482268561561,0.5172413793103449,259.62068965517244
biscuits,"cheeni, rusk",0.0009961482268561561,0.5,259.62068965517244
"cheeni, doodh",biscuits,0.0015274272811794396,0.5111111111111112,256.5437037037038
biscuits,"cheeni, doodh",0.0015274272811794396,0.7666666666666667,256.5437037037037
cheeni,biscuits,0.00159383716296985,0.5106382978723405,256.30638297872343
biscuits,cheeni,0.00159383716296985,0.8,256.30638297872343
"chai patti, doodh",biscuits,0.00159383716296985,0.5,250.9666666666667
biscuits,"chai patti, doodh",0.00159383716296985,0.8,250.96666666666667
biscuits,chai patti,0.0016602470447602603,0.8333333333333334,246.04575163398692
chai patti,biscuits,0.0016602470447602603,0.49019607843137253,246.04575163398692
rusk,biscuits,0.0010625581086465667,0.4848484848484849,243.3616161616162
biscuits,rusk,0.0010625581086465667,0.5333333333333334,243.3616161616162
"chawal, cooking oil",namak,0.0029884446805684686,0.9782608695652173,193.82437070938215
namak,"chawal, cooking oil",0.0029884446805684686,0.5921052631578948,193.82437070938215
"chawal, tamatar",dahi,0.001461017399389029,0.9166666666666666,191.71064814814815
dahi,"chawal, tamatar",0.001461017399389029,0.3055555555555555,191.71064814814812
"masala, tamatar",aloo,0.002922034798778058,0.6470588235294117,187.37330316742077
aloo,"masala, tamatar",0.002922034798778058,0.846153846153846,187.37330316742077
namak,"cooking oil, ghee",0.00159383716296985,0.31578947368421056,182.8906882591093
"cooking oil, ghee",namak,0.00159383716296985,0.923076923076923,182.8906882591093
aloo,"pyaaz, tamatar",0.002922034798778058,0.846153846153846,159.26730769230767
"pyaaz, tamatar",aloo,0.002922034798778058,0.5499999999999999,159.26730769230767
"aloo, cooking oil",tamatar,0.0016602470447602603,0.9615384615384615,159.10819949281486
tamatar,"aloo, cooking oil",0.0016602470447602603,0.2747252747252747,159.10819949281486
aloo,"cooking oil, tamatar",0.0016602470447602603,0.4807692307692307,157.378762541806
"cooking oil, tamatar",aloo,0.0016602470447602603,0.5434782608695652,157.378762541806
doodh,"dahi, paratha",0.0008633284632753354,0.13402061855670103,155.23711340206185
"double roti, paratha",doodh,0.001461017399389029,1.0,155.23711340206185
"dahi, paratha",doodh,0.0008633284632753354,1.0,155.23711340206185
doodh,"double roti, paratha",0.001461017399389029,0.22680412371134018,155.23711340206185
paratha,doodh,0.00159383716296985,1.0,155.23711340206185
"anda, paratha",doodh,0.0015274272811794396,1.0,155.23711340206185
doodh,"anda, paratha",0.0015274272811794396,0.2371134020618557,155.23711340206185
doodh,paratha,0.00159383716296985,0.24742268041237112,155.23711340206185
"dahi, masala",chawal,0.003054854562358879,1.0,153.6530612244898
chawal,"dahi, masala",0.003054854562358879,0.46938775510204084,153.6530612244898
"dahi, ghee",chawal,0.00159383716296985,1.0,153.6530612244898
chawal,"dahi, ghee",0.00159383716296985,0.24489795918367346,153.6530612244898
doodh,"anda, double roti",0.003054854562358879,0.4742268041237114,151.93419609563503
"anda, double roti",doodh,0.003054854562358879,0.9787234042553192,151.934196095635
"aloo, masala",tamatar,0.002922034798778058,0.9166666666666666,151.68315018315016
"aloo, pyaaz",tamatar,0.002922034798778058,0.9166666666666666,151.68315018315016
tamatar,"aloo, pyaaz",0.002922034798778058,0.48351648351648346,151.68315018315016
tamatar,"aloo, masala",0.002922034798778058,0.48351648351648346,151.68315018315016
ghee,"chawal, pyaaz",0.0026563952716164166,0.7407407407407407,150.73073073073073
"chawal, pyaaz",ghee,0.0026563952716164166,0.5405405405405406,150.73073073073073
"dahi, pyaaz",chawal,0.0031212644441492893,0.9791666666666666,150.45195578231292
chawal,"dahi, pyaaz",0.0031212644441492893,0.47959183673469385,150.45195578231292
"biscuits, chai patti",doodh,0.00159383716296985,0.9600000000000001,149.02762886597938
doodh,"biscuits, chai patti",0.00159383716296985,0.24742268041237112,149.02762886597938
doodh,double roti,0.003054854562358879,0.4742268041237114,148.76890034364263
doodh,"biscuits, cheeni",0.0015274272811794396,0.2371134020618557,148.76890034364263
"biscuits, cheeni",doodh,0.0015274272811794396,0.9583333333333334,148.7689003436426
double roti,doodh,0.003054854562358879,0.9583333333333334,148.7689003436426
doodh,cheeni,0.0029884446805684686,0.46391752577319584,148.63127878920815
cheeni,doodh,0.0029884446805684686,0.9574468085106383,148.63127878920815
doodh,"chai patti, cheeni",0.002922034798778058,0.45360824742268036,148.4876736889287
"anda, dahi",doodh,0.001461017399389029,0.9565217391304347,148.4876736889287
doodh,"anda, dahi",0.001461017399389029,0.22680412371134018,148.4876736889287
"chai patti, cheeni",doodh,0.002922034798778058,0.9565217391304347,148.4876736889287
"dahi, double roti",doodh,0.0013281976358082083,0.9523809523809524,147.8448699067256
doodh,"dahi, double roti",0.0013281976358082083,0.20618556701030927,147.84486990672556
"cooking oil, masala",aloo,0.0016602470447602603,0.5102040816326531,147.74332810047096
aloo,"cooking oil, masala",0.0016602470447602603,0.4807692307692307,147.74332810047093
"dahi, tamatar",chawal,0.001461017399389029,0.9565217391304347,146.97249334516414
chawal,"dahi, tamatar",0.001461017399389029,0.22448979591836732,146.97249334516414
doodh,anda,0.0032540842077301104,0.5051546391752577,146.28112609040443
anda,doodh,0.0032540842077301104,0.9423076923076923,146.28112609040443
chai patti,doodh,0.0031876743259397,0.9411764705882353,146.1055184960582
doodh,chai patti,0.0031876743259397,0.49484536082474223,146.1055184960582
doodh,"biscuits, rusk",0.0009961482268561561,0.15463917525773194,145.53479381443296
"biscuits, rusk",doodh,0.0009961482268561561,0.9374999999999999,145.53479381443296
doodh,"chai patti, rusk",0.0018594766901314915,0.28865979381443296,144.88797250859108
"chai patti, rusk",doodh,0.0018594766901314915,0.9333333333333333,144.88797250859108
doodh,"cheeni, rusk",0.0017930668083410812,0.27835051546391754,144.53110558123
"cheeni, rusk",doodh,0.0017930668083410812,0.9310344827586208,144.53110558123
aloo,tamatar,0.0029884446805684686,0.8653846153846153,143.19737954353337
tamatar,aloo,0.0029884446805684686,0.49450549450549447,143.19737954353337
"ghee, masala",chawal,0.0023243458626643647,0.9210526315789476,141.52255639097746
chawal,"ghee, masala",0.0023243458626643647,0.35714285714285715,141.52255639097746
chawal,"masala, namak",0.0015274272811794396,0.23469387755102042,141.36081632653062
"masala, namak",chawal,0.0015274272811794396,0.92,141.3608163265306
ghee,"chawal, dahi",0.00159383716296985,0.4444444444444444,139.42592592592592
ghee,"dahi, masala",0.0015274272811794396,0.42592592592592593,139.42592592592592
"dahi, masala",ghee,0.0015274272811794396,0.5,139.42592592592592
ghee,"dahi, pyaaz",0.00159383716296985,0.4444444444444444,139.42592592592592
"dahi, pyaaz",ghee,0.00159383716296985,0.5,139.42592592592592
"chawal, dahi",ghee,0.00159383716296985,0.5,139.42592592592592
chawal,"ghee, pyaaz",0.0026563952716164166,0.40816326530612246,136.58049886621316
"ghee, pyaaz",chawal,0.0026563952716164166,0.888888888888889,136.58049886621316
ghee,chawal,0.0031876743259397,0.8888888888888888,136.58049886621313
chawal,ghee,0.0031876743259397,0.4897959183673469,136.58049886621313
doodh,rusk,0.001925886571921902,0.29896907216494845,136.42049359575134
rusk,doodh,0.001925886571921902,0.8787878787878788,136.4204935957513
"chawal, masala",ghee,0.0023243458626643647,0.48611111111111116,135.55298353909467
ghee,"chawal, masala",0.0023243458626643647,0.6481481481481481,135.55298353909464
chawal,"ghee, namak",0.001461017399389029,0.22448979591836732,135.214693877551
"ghee, namak",chawal,0.001461017399389029,0.88,135.214693877551
dahi,"chawal, masala",0.003054854562358879,0.638888888888889,133.61651234567904
"chawal, masala",dahi,0.003054854562358879,0.638888888888889,133.61651234567904
dahi,"chawal, pyaaz",0.0031212644441492893,0.6527777777777778,132.83145645645646
"chawal, pyaaz",dahi,0.0031212644441492893,0.6351351351351351,132.83145645645646
"cooking oil, tamatar",daal,0.0013281976358082083,0.43478260869565216,130.9391304347826
daal,"cooking oil, tamatar",0.0013281976358082083,0.4,130.9391304347826
ghee,"chawal, namak",0.001461017399389029,0.4074074074074074,130.5263987391647
"chawal, namak",ghee,0.001461017399389029,0.46808510638297873,130.5263987391647
biscuits,doodh,0.0016602470447602603,0.8333333333333334,129.36426116838487
doodh,biscuits,0.0016602470447602603,0.25773195876288657,129.36426116838487
ghee,"chawal, cooking oil",0.0013946075175986187,0.3888888888888889,127.30193236714976
"chawal, cooking oil",ghee,0.0013946075175986187,0.45652173913043476,127.30193236714975
dahi,"ghee, masala",0.0015274272811794396,0.3194444444444445,126.58406432748541
"ghee, masala",dahi,0.0015274272811794396,0.605263157894737,126.58406432748541
aloo,"masala, pyaaz",0.0031212644441492893,0.9038461538461537,126.01958689458688
"masala, pyaaz",aloo,0.0031212644441492893,0.4351851851851852,126.01958689458688
atta,"cooking oil, tamatar",0.0013281976358082083,0.3846153846153846,125.9030100334448
"cooking oil, tamatar",atta,0.0013281976358082083,0.43478260869565216,125.9030100334448
chawal,"cooking oil, ghee",0.0013946075175986187,0.21428571428571427,124.10439560439559
"cooking oil, ghee",chawal,0.0013946075175986187,0.8076923076923076,124.10439560439558
"masala, namak",ghee,0.0007305086996945145,0.44,122.69481481481482
ghee,"masala, namak",0.0007305086996945145,0.2037037037037037,122.6948148148148
cooking oil,"atta, tamatar",0.0013281976358082083,0.16260162601626016,122.42276422764228
cooking oil,"daal, tamatar",0.0013281976358082083,0.16260162601626016,122.42276422764228
"atta, tamatar",cooking oil,0.0013281976358082083,1.0,122.42276422764226
cooking oil,"namak, tamatar",0.000796918581484925,0.09756097560975609,122.42276422764226
"daal, tamatar",cooking oil,0.0013281976358082083,1.0,122.42276422764226
"namak, tamatar",cooking oil,0.000796918581484925,1.0,122.42276422764226
"aloo, pyaaz",masala,0.0031212644441492893,0.9791666666666666,120.85484972677595
masala,"aloo, pyaaz",0.0031212644441492893,0.38524590163934425,120.85484972677595
masala,"aloo, tamatar",0.002922034798778058,0.36065573770491804,120.68342440801457
"aloo, tamatar",masala,0.002922034798778058,0.9777777777777777,120.68342440801457
"aloo, cooking oil",masala,0.0016602470447602603,0.9615384615384615,118.67906683480453
masala,"aloo, cooking oil",0.0016602470447602603,0.20491803278688525,118.67906683480453
masala,"dahi, ghee",0.0015274272811794396,0.18852459016393444,118.2834699453552
"chawal, dahi",masala,0.003054854562358879,0.9583333333333334,118.2834699453552
"dahi, ghee",masala,0.0015274272811794396,0.9583333333333334,118.2834699453552
"dahi, pyaaz",masala,0.003054854562358879,0.9583333333333334,118.2834699453552
masala,"dahi, pyaaz",0.003054854562358879,0.3770491803278689,118.2834699453552
masala,"chawal, tamatar",0.0015274272811794396,0.18852459016393444,118.2834699453552
masala,"chawal, dahi",0.003054854562358879,0.3770491803278689,118.2834699453552
"chawal, tamatar",masala,0.0015274272811794396,0.9583333333333334,118.2834699453552
dahi,"anda, paratha",0.0008633284632753354,0.18055555555555558,118.20893719806764
"anda, paratha",dahi,0.0008633284632753354,0.5652173913043478,118.20893719806763
"atta, pyaaz",cooking oil,0.0017266569265506708,0.962962962962963,117.88858777476663
cooking oil,"atta, pyaaz",0.0017266569265506708,0.2113821138211382,117.88858777476662
"ghee, namak",cooking oil,0.00159383716296985,0.9600000000000001,117.52585365853659
"daal, pyaaz",cooking oil,0.00159383716296985,0.9600000000000001,117.52585365853659
"masala, namak",cooking oil,0.00159383716296985,0.9600000000000001,117.52585365853659
cooking oil,"masala, namak",0.00159383716296985,0.19512195121951217,117.52585365853658
cooking oil,"daal, pyaaz",0.00159383716296985,0.19512195121951217,117.52585365853658
cooking oil,"ghee, namak",0.00159383716296985,0.19512195121951217,117.52585365853658
"chawal, namak",cooking oil,0.0029884446805684686,0.9574468085106383,117.21328489880644
cooking oil,"chawal, namak",0.0029884446805684686,0.36585365853658536,117.21328489880644
"namak, pyaaz",cooking oil,0.0024571656262451854,0.9487179487179488,116.14467375442985
cooking oil,"namak, pyaaz",0.0024571656262451854,0.30081300813008127,116.14467375442985
"atta, daal",cooking oil,0.002855624916987648,0.9347826086956522,114.43867090844822
cooking oil,"atta, daal",0.002855624916987648,0.3495934959349593,114.4386709084482
ghee,"namak, pyaaz",0.0010625581086465667,0.29629629629629634,114.40075973409309
"namak, pyaaz",ghee,0.0010625581086465667,0.4102564102564103,114.40075973409307
namak,cooking oil,0.004715101607119139,0.9342105263157895,114.36863500213948
cooking oil,namak,0.004715101607119139,0.5772357723577235,114.36863500213948
dahi,"double roti, paratha",0.000796918581484925,0.16666666666666669,114.07575757575759
"double roti, paratha",dahi,0.000796918581484925,0.5454545454545455,114.07575757575759
aloo,masala,0.0031876743259397,0.923076923076923,113.93190416141235
masala,aloo,0.0031876743259397,0.39344262295081966,113.93190416141235
"doodh, paratha",dahi,0.0008633284632753354,0.5416666666666667,113.28356481481484
paratha,dahi,0.0008633284632753354,0.5416666666666667,113.28356481481484
dahi,"doodh, paratha",0.0008633284632753354,0.18055555555555558,113.28356481481482
dahi,paratha,0.0008633284632753354,0.18055555555555558,113.28356481481482
"dahi, tamatar",masala,0.0013946075175986187,0.9130434782608695,112.69351389878831
masala,"dahi, tamatar",0.0013946075175986187,0.1721311475409836,112.6935138987883
"daal, namak",cooking oil,0.0013946075175986187,0.9130434782608695,111.77730646871684
cooking oil,"daal, namak",0.0013946075175986187,0.17073170731707316,111.77730646871684
"atta, namak",cooking oil,0.0013946075175986187,0.9130434782608695,111.77730646871684
cooking oil,"atta, namak",0.0013946075175986187,0.17073170731707316,111.77730646871684
dahi,"ghee, pyaaz",0.00159383716296985,0.33333333333333337,111.54074074074076
"ghee, pyaaz",dahi,0.00159383716296985,0.5333333333333333,111.54074074074074
cooking oil,daal,0.0029884446805684686,0.36585365853658536,110.18048780487806
daal,cooking oil,0.0029884446805684686,0.9,110.18048780487804
namak,"daal, tamatar",0.0007305086996945145,0.14473684210526316,108.97236842105264
namak,"atta, tamatar",0.0007305086996945145,0.14473684210526316,108.97236842105264
"atta, tamatar",namak,0.0007305086996945145,0.5499999999999999,108.97236842105262
"daal, tamatar",namak,0.0007305086996945145,0.5499999999999999,108.97236842105262
cooking oil,atta,0.0029884446805684686,0.36585365853658536,105.94277673545966
atta,cooking oil,0.0029884446805684686,0.8653846153846153,105.94277673545965
dahi,"chawal, ghee",0.00159383716296985,0.33333333333333337,104.56944444444446
"chawal, ghee",dahi,0.00159383716296985,0.5,104.56944444444444
masala,"ghee, tamatar",0.0007305086996945145,0.09016393442622951,104.437578814628
"ghee, tamatar",masala,0.0007305086996945145,0.846153846153846,104.43757881462798
masala,"pyaaz, tamatar",0.004449462079957498,0.5491803278688525,103.36946721311476
"pyaaz, tamatar",masala,0.004449462079957498,0.8374999999999999,103.36946721311475
"masala, pyaaz",tamatar,0.004449462079957498,0.6203703703703703,102.65425315425315
tamatar,"masala, pyaaz",0.004449462079957498,0.7362637362637362,102.65425315425314
dahi,chawal,0.0031876743259397,0.6666666666666667,102.43537414965986
chawal,dahi,0.0031876743259397,0.4897959183673469,102.43537414965986
"aloo, cooking oil",pyaaz,0.0017266569265506708,1.0,98.41830065359477
"ghee, tamatar",pyaaz,0.0008633284632753354,1.0,98.41830065359477
pyaaz,"dahi, ghee",0.00159383716296985,0.1568627450980392,98.41830065359477
"dahi, ghee",pyaaz,0.00159383716296985,1.0,98.41830065359477
"chawal, tamatar",pyaaz,0.00159383716296985,1.0,98.41830065359477
"dahi, masala",pyaaz,0.003054854562358879,1.0,98.41830065359477
pyaaz,"ghee, tamatar",0.0008633284632753354,0.08496732026143791,98.41830065359477
pyaaz,"aloo, cooking oil",0.0017266569265506708,0.16993464052287582,98.41830065359477
pyaaz,"chawal, tamatar",0.00159383716296985,0.1568627450980392,98.41830065359477
pyaaz,"dahi, masala",0.003054854562358879,0.3006535947712418,98.41830065359476
masala,"chawal, pyaaz",0.003918183025634215,0.4836065573770493,98.40739920248119
"chawal, pyaaz",masala,0.003918183025634215,0.7972972972972974,98.40739920248119
"cooking oil, namak",chawal,0.0029884446805684686,0.6338028169014085,97.3857430296062
chawal,"cooking oil, namak",0.0029884446805684686,0.4591836734693877,97.3857430296062
"cooking oil, masala",namak,0.00159383716296985,0.4897959183673469,97.04403866809882
namak,"cooking oil, masala",0.00159383716296985,0.31578947368421056,97.04403866809882
"masala, tamatar",pyaaz,0.004449462079957498,0.9852941176470588,96.9709727028066
pyaaz,"masala, tamatar",0.004449462079957498,0.43790849673202614,96.9709727028066
"cooking oil, pyaaz",aloo,0.0017266569265506708,0.33333333333333337,96.52564102564104
"cooking oil, pyaaz",atta,0.0017266569265506708,0.33333333333333337,96.52564102564104
atta,"cooking oil, pyaaz",0.0017266569265506708,0.5,96.52564102564102
aloo,"cooking oil, pyaaz",0.0017266569265506708,0.5,96.52564102564102
"aloo, masala",pyaaz,0.0031212644441492893,0.9791666666666666,96.36791938997821
"chawal, dahi",pyaaz,0.0031212644441492893,0.9791666666666666,96.36791938997821
pyaaz,"chawal, dahi",0.0031212644441492893,0.3071895424836601,96.3679193899782
pyaaz,"aloo, masala",0.0031212644441492893,0.3071895424836601,96.3679193899782
"aloo, tamatar",pyaaz,0.002922034798778058,0.9777777777777777,96.23122730573711
pyaaz,"aloo, tamatar",0.002922034798778058,0.2875816993464052,96.23122730573711
namak,chawal,0.0031212644441492893,0.618421052631579,95.02228786251342
chawal,namak,0.0031212644441492893,0.47959183673469385,95.02228786251342
"atta, daal",namak,0.001461017399389029,0.47826086956521735,94.75858123569795
namak,"atta, daal",0.001461017399389029,0.2894736842105263,94.75858123569795
"namak, pyaaz",chawal,0.00159383716296985,0.6153846153846154,94.55572998430141
chawal,"namak, pyaaz",0.00159383716296985,0.24489795918367346,94.55572998430141
"cooking oil, namak",ghee,0.00159383716296985,0.33802816901408456,94.25978090766824
ghee,"cooking oil, namak",0.00159383716296985,0.4444444444444444,94.25978090766823
pyaaz,"dahi, tamatar",0.001461017399389029,0.1437908496732026,94.13924410343847
"dahi, tamatar",pyaaz,0.001461017399389029,0.9565217391304347,94.13924410343847
namak,"cooking oil, pyaaz",0.0024571656262451854,0.48684210526315796,93.98549257759785
"cooking oil, pyaaz",namak,0.0024571656262451854,0.4743589743589744,93.98549257759785
"anda, doodh",dahi,0.001461017399389029,0.44897959183673464,93.89909297052154
dahi,"anda, doodh",0.001461017399389029,0.3055555555555555,93.89909297052152
dahi,"anda, double roti",0.0013946075175986187,0.2916666666666667,93.44503546099291
"anda, double roti",dahi,0.0013946075175986187,0.4468085106382979,93.44503546099291
dahi,ghee,0.00159383716296985,0.33333333333333337,92.95061728395062
ghee,dahi,0.00159383716296985,0.4444444444444444,92.95061728395062
"cooking oil, pyaaz",daal,0.00159383716296985,0.3076923076923077,92.66461538461539
daal,"cooking oil, pyaaz",0.00159383716296985,0.48000000000000004,92.66461538461539
anda,dahi,0.0015274272811794396,0.4423076923076923,92.50373931623932
dahi,anda,0.0015274272811794396,0.3194444444444445,92.50373931623932
"cooking oil, daal",namak,0.0013946075175986187,0.4666666666666667,92.46140350877194
namak,"cooking oil, daal",0.0013946075175986187,0.27631578947368424,92.46140350877194
"atta, cooking oil",namak,0.0013946075175986187,0.4666666666666667,92.46140350877194
namak,"atta, cooking oil",0.0013946075175986187,0.27631578947368424,92.46140350877194
tamatar,masala,0.004515871961747908,0.7472527472527473,92.2305890830481
masala,tamatar,0.004515871961747908,0.5573770491803279,92.2305890830481
ghee,namak,0.0016602470447602603,0.46296296296296297,91.72758284600391
namak,ghee,0.0016602470447602603,0.32894736842105265,91.7275828460039
dahi,double roti,0.0013946075175986187,0.2916666666666667,91.4982638888889
double roti,dahi,0.0013946075175986187,0.4375,91.49826388888889
daal,namak,0.0015274272811794396,0.46,91.14052631578949
namak,daal,0.0015274272811794396,0.3026315789473685,91.14052631578949
dahi,"doodh, double roti",0.0013281976358082083,0.2777777777777778,90.92995169082126
"doodh, double roti",dahi,0.0013281976358082083,0.43478260869565216,90.92995169082126
pyaaz,aloo,0.0031876743259397,0.3137254901960784,90.84766214177978
aloo,pyaaz,0.0031876743259397,0.923076923076923,90.84766214177978
"chawal, ghee",namak,0.001461017399389029,0.4583333333333333,90.81030701754386
namak,"chawal, ghee",0.001461017399389029,0.2894736842105263,90.81030701754386
masala,chawal,0.00478151148890955,0.5901639344262295,90.68049514887922
chawal,masala,0.00478151148890955,0.7346938775510203,90.68049514887922
masala,"ghee, pyaaz",0.0021915260990835435,0.2704918032786885,90.51256830601092
"ghee, pyaaz",masala,0.0021915260990835435,0.7333333333333333,90.51256830601092
masala,"chawal, ghee",0.0023243458626643647,0.2868852459016394,89.99829234972678
"chawal, ghee",masala,0.0023243458626643647,0.7291666666666667,89.99829234972678
"namak, pyaaz",atta,0.000796918581484925,0.3076923076923077,89.10059171597634
atta,"namak, pyaaz",0.000796918581484925,0.23076923076923075,89.10059171597632
dahi,"masala, pyaaz",0.003054854562358879,0.638888888888889,89.07767489711935
"masala, pyaaz",dahi,0.003054854562358879,0.42592592592592593,89.07767489711935
daal,"cooking oil, namak",0.0013946075175986187,0.42,89.07549295774648
"cooking oil, namak",daal,0.0013946075175986187,0.29577464788732394,89.07549295774648
"atta, pyaaz",namak,0.000796918581484925,0.4444444444444444,88.05847953216374
namak,"atta, pyaaz",0.000796918581484925,0.15789473684210528,88.05847953216374
namak,atta,0.0015274272811794396,0.3026315789473685,87.63512145748989
atta,namak,0.0015274272811794396,0.4423076923076923,87.63512145748989
"daal, pyaaz",namak,0.0007305086996945145,0.44,87.17789473684212
namak,"daal, pyaaz",0.0007305086996945145,0.14473684210526316,87.1778947368421
masala,pyaaz,0.007172267233364325,0.8852459016393444,87.12439729990358
pyaaz,masala,0.007172267233364325,0.7058823529411765,87.12439729990358
masala,ghee,0.0025235755080355955,0.31147540983606553,86.85549483910138
ghee,masala,0.0025235755080355955,0.7037037037037036,86.85549483910138
pyaaz,tamatar,0.005312790543232833,0.5228758169934641,86.52158299217123
tamatar,pyaaz,0.005312790543232833,0.8791208791208791,86.52158299217122
atta,"cooking oil, namak",0.0013946075175986187,0.4038461538461538,85.6495124593716
"cooking oil, namak",atta,0.0013946075175986187,0.29577464788732394,85.6495124593716
"ghee, masala",pyaaz,0.0021915260990835435,0.868421052631579,85.46852425180599
pyaaz,"ghee, masala",0.0021915260990835435,0.2156862745098039,85.46852425180599
"masala, pyaaz",ghee,0.0021915260990835435,0.3055555555555555,85.20473251028805
ghee,"masala, pyaaz",0.0021915260990835435,0.611111111111111,85.20473251028805
"namak, pyaaz",daal,0.0007305086996945145,0.28205128205128205,84.9425641025641
daal,"namak, pyaaz",0.0007305086996945145,0.22,84.9425641025641
"cooking oil, masala",tamatar,0.0016602470447602603,0.5102040816326531,84.42475891455483
tamatar,"cooking oil, masala",0.0016602470447602603,0.2747252747252747,84.42475891455481
"masala, pyaaz",chawal,0.003918183025634215,0.5462962962962964,83.94009826152684
chawal,"masala, pyaaz",0.003918183025634215,0.6020408163265306,83.94009826152683
"chawal, ghee",pyaaz,0.0026563952716164166,0.8333333333333334,82.01525054466231
pyaaz,ghee,0.0029884446805684686,0.29411764705882354,82.01525054466231
pyaaz,"chawal, ghee",0.0026563952716164166,0.26143790849673204,82.01525054466231
ghee,pyaaz,0.0029884446805684686,0.8333333333333333,82.0152505446623
pyaaz,"chawal, masala",0.003918183025634215,0.38562091503267976,80.64832970225127
"chawal, masala",pyaaz,0.003918183025634215,0.8194444444444445,80.64832970225127
"cooking oil, tamatar",pyaaz,0.0024571656262451854,0.8043478260869565,79.16254617789144
pyaaz,"cooking oil, tamatar",0.0024571656262451854,0.24183006535947713,79.16254617789144
tamatar,"atta, namak",0.0007305086996945145,0.12087912087912087,79.1390348781653
"daal, namak",tamatar,0.0007305086996945145,0.47826086956521735,79.1390348781653
tamatar,"daal, namak",0.0007305086996945145,0.12087912087912087,79.1390348781653
"atta, namak",tamatar,0.0007305086996945145,0.47826086956521735,79.1390348781653
masala,dahi,0.003054854562358879,0.3770491803278689,78.8556466302368
dahi,masala,0.003054854562358879,0.638888888888889,78.8556466302368
tamatar,"cooking oil, pyaaz",0.0024571656262451854,0.4065934065934066,78.49337841645534
"cooking oil, pyaaz",tamatar,0.0024571656262451854,0.4743589743589744,78.49337841645534
tamatar,"chawal, dahi",0.001461017399389029,0.24175824175824173,75.84157509157508
tamatar,"dahi, pyaaz",0.001461017399389029,0.24175824175824173,75.84157509157508
"dahi, pyaaz",tamatar,0.001461017399389029,0.4583333333333333,75.84157509157508
"chawal, dahi",tamatar,0.001461017399389029,0.4583333333333333,75.84157509157508
"dahi, masala",tamatar,0.0013946075175986187,0.45652173913043476,75.54180602006689
tamatar,"dahi, masala",0.0013946075175986187,0.23076923076923075,75.54180602006689
pyaaz,chawal,0.004914331252490371,0.48366013071895425,74.31585967720422
chawal,pyaaz,0.004914331252490371,0.7551020408163265,74.3158596772042
"cooking oil, daal",tamatar,0.0013281976358082083,0.4444444444444445,73.54334554334555
"atta, cooking oil",tamatar,0.0013281976358082083,0.4444444444444445,73.54334554334555
tamatar,"cooking oil, daal",0.0013281976358082083,0.21978021978021978,73.54334554334554
tamatar,"atta, cooking oil",0.0013281976358082083,0.21978021978021978,73.54334554334554
tamatar,"daal, pyaaz",0.0007305086996945145,0.12087912087912087,72.80791208791209
"daal, pyaaz",tamatar,0.0007305086996945145,0.44,72.80791208791209
pyaaz,"cooking oil, masala",0.002390755744454775,0.23529411764705882,72.30732292917166
"cooking oil, masala",pyaaz,0.002390755744454775,0.7346938775510203,72.30732292917166
chawal,"cooking oil, masala",0.0015274272811794396,0.23469387755102042,72.1228654727197
"cooking oil, masala",chawal,0.0015274272811794396,0.46938775510204084,72.1228654727197
"atta, daal",tamatar,0.0013281976358082083,0.43478260869565216,71.94457716196847
tamatar,"atta, daal",0.0013281976358082083,0.21978021978021978,71.94457716196847
namak,"ghee, pyaaz",0.0010625581086465667,0.21052631578947373,70.44678362573102
"ghee, pyaaz",namak,0.0010625581086465667,0.35555555555555557,70.446783625731
cooking oil,"aloo, tamatar",0.0016602470447602603,0.20325203252032517,68.01264679313459
"aloo, tamatar",cooking oil,0.0016602470447602603,0.5555555555555556,68.01264679313459
"atta, pyaaz",tamatar,0.0007305086996945145,0.4074074074074074,67.4147334147334
tamatar,"atta, pyaaz",0.0007305086996945145,0.12087912087912087,67.4147334147334
"cooking oil, tamatar",masala,0.0016602470447602603,0.5434782608695652,67.07947255880256
masala,"cooking oil, tamatar",0.0016602470447602603,0.20491803278688525,67.07947255880256
"aloo, pyaaz",cooking oil,0.0017266569265506708,0.5416666666666667,66.31233062330624
cooking oil,"aloo, pyaaz",0.0017266569265506708,0.2113821138211382,66.31233062330622
daal,tamatar,0.0013281976358082083,0.4,66.189010989011
tamatar,daal,0.0013281976358082083,0.21978021978021978,66.189010989011
dahi,pyaaz,0.0031876743259397,0.6666666666666667,65.61220043572985
pyaaz,dahi,0.0031876743259397,0.3137254901960784,65.61220043572985
"masala, tamatar",dahi,0.0013946075175986187,0.3088235294117647,64.58700980392157
dahi,"masala, tamatar",0.0013946075175986187,0.2916666666666667,64.58700980392157
"cooking oil, ghee",pyaaz,0.001128967990436977,0.6538461538461539,64.35042735042735
pyaaz,"cooking oil, ghee",0.001128967990436977,0.1111111111111111,64.35042735042734
namak,"chawal, pyaaz",0.00159383716296985,0.31578947368421056,64.2588904694168
"chawal, pyaaz",namak,0.00159383716296985,0.32432432432432434,64.2588904694168
cooking oil,"aloo, masala",0.0016602470447602603,0.20325203252032517,63.76185636856368
"aloo, masala",cooking oil,0.0016602470447602603,0.5208333333333333,63.76185636856367
tamatar,atta,0.0013281976358082083,0.21978021978021978,63.64327979712595
atta,tamatar,0.0013281976358082083,0.3846153846153846,63.64327979712594
namak,"chawal, masala",0.0015274272811794396,0.3026315789473685,63.292032163742704
"chawal, masala",namak,0.0015274272811794396,0.3194444444444445,63.292032163742704
pyaaz,"ghee, namak",0.0010625581086465667,0.10457516339869281,62.98771241830066
"ghee, namak",pyaaz,0.0010625581086465667,0.64,62.98771241830065
ghee,"cooking oil, masala",0.0007305086996945145,0.2037037037037037,62.59939531368102
"cooking oil, masala",ghee,0.0007305086996945145,0.22448979591836732,62.59939531368102
cooking oil,pyaaz,0.005179970779652012,0.6341463414634145,62.411605292523504
pyaaz,cooking oil,0.005179970779652012,0.5098039215686274,62.411605292523504
cooking oil,tamatar,0.003054854562358879,0.37398373983739835,61.88403466452247
tamatar,cooking oil,0.003054854562358879,0.5054945054945055,61.88403466452246
masala,"chawal, cooking oil",0.0015274272811794396,0.18852459016393444,61.71311475409836
"chawal, cooking oil",masala,0.0015274272811794396,0.5,61.71311475409836
cooking oil,aloo,0.0017266569265506708,0.2113821138211382,61.21138211382113
aloo,cooking oil,0.0017266569265506708,0.5,61.21138211382113
"cooking oil, pyaaz",ghee,0.001128967990436977,0.21794871794871795,60.775403608736944
ghee,"cooking oil, pyaaz",0.001128967990436977,0.3148148148148148,60.775403608736944
"chawal, namak",masala,0.0015274272811794396,0.4893617021276596,60.400069759330314
masala,"chawal, namak",0.0015274272811794396,0.18852459016393444,60.400069759330314
ghee,cooking oil,0.0017266569265506708,0.4814814814814815,58.94429388738332
cooking oil,ghee,0.0017266569265506708,0.2113821138211382,58.94429388738331
dahi,"pyaaz, tamatar",0.001461017399389029,0.3055555555555555,57.51319444444444
"pyaaz, tamatar",dahi,0.001461017399389029,0.27499999999999997,57.51319444444444
cooking oil,chawal,0.003054854562358879,0.37398373983739835,57.46374647419943
chawal,cooking oil,0.003054854562358879,0.46938775510204084,57.46374647419943
"ghee, masala",namak,0.0007305086996945145,0.2894736842105263,57.353878116343495
namak,"ghee, masala",0.0007305086996945145,0.14473684210526316,57.353878116343495
masala,"cooking oil, pyaaz",0.002390755744454775,0.29508196721311475,56.96595208070618
"cooking oil, pyaaz",masala,0.002390755744454775,0.4615384615384615,56.965952080706174
pyaaz,"atta, cooking oil",0.0017266569265506708,0.16993464052287582,56.863907044299204
"atta, cooking oil",pyaaz,0.0017266569265506708,0.5777777777777778,56.863907044299204
"pyaaz, tamatar",cooking oil,0.0024571656262451854,0.4625,56.62052845528455
cooking oil,"pyaaz, tamatar",0.0024571656262451854,0.30081300813008127,56.62052845528454
masala,"ghee, namak",0.0007305086996945145,0.09016393442622951,54.30754098360656
"ghee, namak",masala,0.0007305086996945145,0.44,54.30754098360656
pyaaz,"atta, tamatar",0.0007305086996945145,0.0718954248366013,54.130065359477115
pyaaz,"daal, tamatar",0.0007305086996945145,0.0718954248366013,54.130065359477115
"daal, tamatar",pyaaz,0.0007305086996945145,0.5499999999999999,54.130065359477115
"atta, tamatar",pyaaz,0.0007305086996945145,0.5499999999999999,54.130065359477115
tamatar,"chawal, pyaaz",0.00159383716296985,0.26373626373626374,53.66676566676567
"chawal, pyaaz",tamatar,0.00159383716296985,0.32432432432432434,53.66676566676567
"chawal, ghee",cooking oil,0.0013946075175986187,0.4375,53.55995934959349
cooking oil,"chawal, ghee",0.0013946075175986187,0.17073170731707316,53.55995934959349
"atta, daal",pyaaz,0.0016602470447602603,0.5434782608695652,53.488206876953676
pyaaz,"atta, daal",0.0016602470447602603,0.16339869281045752,53.488206876953676
tamatar,"chawal, masala",0.0015274272811794396,0.25274725274725274,52.85927960927961
"chawal, masala",tamatar,0.0015274272811794396,0.3194444444444445,52.85927960927961
dahi,tamatar,0.0015274272811794396,0.3194444444444445,52.85927960927961
tamatar,dahi,0.0015274272811794396,0.25274725274725274,52.85927960927961
pyaaz,"cooking oil, daal",0.00159383716296985,0.1568627450980392,52.48976034858388
"cooking oil, daal",pyaaz,0.00159383716296985,0.5333333333333333,52.48976034858388
masala,"cooking oil, ghee",0.0007305086996945145,0.09016393442622951,52.218789407314
"cooking oil, ghee",masala,0.0007305086996945145,0.423076923076923,52.21878940731399
"masala, tamatar",chawal,0.0015274272811794396,0.3382352941176471,51.97088835534214
chawal,"masala, tamatar",0.0015274272811794396,0.23469387755102042,51.97088835534214
"cooking oil, tamatar",namak,0.000796918581484925,0.2608695652173913,51.68649885583525
namak,"cooking oil, tamatar",0.000796918581484925,0.15789473684210528,51.68649885583525
"chawal, cooking oil",pyaaz,0.00159383716296985,0.5217391304347826,51.348678601875534
"atta, namak",pyaaz,0.000796918581484925,0.5217391304347826,51.348678601875534
pyaaz,"chawal, cooking oil",0.00159383716296985,0.1568627450980392,51.34867860187553
pyaaz,"atta, namak",0.000796918581484925,0.0784313725490196,51.34867860187553
"cooking oil, namak",pyaaz,0.0024571656262451854,0.5211267605633804,51.28841019976066
pyaaz,"cooking oil, namak",0.0024571656262451854,0.24183006535947713,51.28841019976066
pyaaz,atta,0.0017930668083410812,0.17647058823529413,51.10180995475113
atta,pyaaz,0.0017930668083410812,0.5192307692307692,51.101809954751126
namak,pyaaz,0.002589985389826006,0.5131578947368421,50.50412796697627
pyaaz,namak,0.002589985389826006,0.2549019607843137,50.50412796697626
"chawal, namak",pyaaz,0.00159383716296985,0.5106382978723405,50.25615352523989
pyaaz,"chawal, namak",0.00159383716296985,0.1568627450980392,50.25615352523988
doodh,dahi,0.0015274272811794396,0.2371134020618557,49.58963344788088
dahi,doodh,0.0015274272811794396,0.3194444444444445,49.58963344788087
daal,pyaaz,0.0016602470447602603,0.5,49.209150326797385
pyaaz,daal,0.0016602470447602603,0.16339869281045752,49.209150326797385
cooking oil,masala,0.0032540842077301104,0.3983739837398374,49.1697987471678
masala,cooking oil,0.0032540842077301104,0.40163934426229514,49.1697987471678
tamatar,"ghee, masala",0.0007305086996945145,0.12087912087912087,47.89994216310006
"ghee, masala",tamatar,0.0007305086996945145,0.2894736842105263,47.89994216310006
tamatar,"ghee, pyaaz",0.0008633284632753354,0.14285714285714285,47.803174603174604
"ghee, pyaaz",tamatar,0.0008633284632753354,0.2888888888888889,47.803174603174604
"cooking oil, pyaaz",chawal,0.00159383716296985,0.3076923076923077,47.277864992150704
chawal,"cooking oil, pyaaz",0.00159383716296985,0.24489795918367346,47.277864992150704
pyaaz,"masala, namak",0.000796918581484925,0.0784313725490196,47.24078431372549
"masala, namak",pyaaz,0.000796918581484925,0.48000000000000004,47.24078431372549
"daal, namak",pyaaz,0.0007305086996945145,0.47826086956521735,47.069622051719236
pyaaz,"daal, namak",0.0007305086996945145,0.0718954248366013,47.069622051719236
cooking oil,"ghee, pyaaz",0.001128967990436977,0.13821138211382114,46.248599819331524
"ghee, pyaaz",cooking oil,0.001128967990436977,0.37777777777777777,46.248599819331524
"pyaaz, tamatar",chawal,0.00159383716296985,0.3,46.09591836734693
chawal,"pyaaz, tamatar",0.00159383716296985,0.24489795918367346,46.09591836734693
ghee,"pyaaz, tamatar",0.0008633284632753354,0.24074074074074076,45.31342592592593
"pyaaz, tamatar",ghee,0.0008633284632753354,0.1625,45.31342592592593
ghee,"masala, tamatar",0.0007305086996945145,0.2037037037037037,45.10838779956427
"masala, tamatar",ghee,0.0007305086996945145,0.16176470588235292,45.10838779956426
"masala, tamatar",cooking oil,0.0016602470447602603,0.3676470588235294,45.008369201339065
cooking oil,"masala, tamatar",0.0016602470447602603,0.20325203252032517,45.008369201339065
masala,"cooking oil, namak",0.00159383716296985,0.19672131147540983,41.72154236896791
"cooking oil, namak",masala,0.00159383716296985,0.33802816901408456,41.72154236896791
daal,"pyaaz, tamatar",0.0007305086996945145,0.22,41.4095
"pyaaz, tamatar",daal,0.0007305086996945145,0.13749999999999998,41.409499999999994
cooking oil,"masala, pyaaz",0.002390755744454775,0.2926829268292683,40.80758807588076
"masala, pyaaz",cooking oil,0.002390755744454775,0.3333333333333333,40.80758807588075
namak,masala,0.0016602470447602603,0.32894736842105265,40.60073339085419
masala,namak,0.0016602470447602603,0.20491803278688525,40.60073339085419
chawal,tamatar,0.00159383716296985,0.24489795918367346,40.523884278986316
tamatar,chawal,0.00159383716296985,0.26373626373626374,40.523884278986316
ghee,tamatar,0.0008633284632753354,0.24074074074074076,39.835978835978835
tamatar,ghee,0.0008633284632753354,0.14285714285714285,39.835978835978835
"pyaaz, tamatar",atta,0.0007305086996945145,0.13749999999999998,39.81682692307692
atta,"pyaaz, tamatar",0.0007305086996945145,0.2115384615384615,39.81682692307692
"chawal, pyaaz",cooking oil,0.00159383716296985,0.32432432432432434,39.70468029004614
cooking oil,"chawal, pyaaz",0.00159383716296985,0.19512195121951217,39.70468029004614
"chawal, masala",cooking oil,0.0015274272811794396,0.3194444444444445,39.1072719060524
cooking oil,"chawal, masala",0.0015274272811794396,0.18699186991869918,39.1072719060524
"namak, pyaaz",masala,0.000796918581484925,0.3076923076923077,37.97730138713746
masala,"namak, pyaaz",0.000796918581484925,0.09836065573770492,37.97730138713745
cooking oil,"ghee, masala",0.0007305086996945145,0.08943089430894308,35.438168592212236
"ghee, masala",cooking oil,0.0007305086996945145,0.2894736842105263,35.438168592212236
"cooking oil, namak",tamatar,0.000796918581484925,0.16901408450704228,27.967187741835634
tamatar,"cooking oil, namak",0.000796918581484925,0.13186813186813187,27.96718774183563
namak,tamatar,0.000796918581484925,0.15789473684210528,26.12724117987276
tamatar,namak,0.000796918581484925,0.13186813186813187,26.12724117987276
namak,"masala, pyaaz",0.000796918581484925,0.15789473684210528,22.014619883040936
"masala, pyaaz",namak,0.000796918581484925,0.1111111111111111,22.014619883040936
sweet spreads,tropical fruit,0.0007305086996945145,0.16176470588235292,2.4093500901844416
brandy,whole milk,0.0008633284632753354,0.3421052631578948,2.2175725581711494
"whole milk, yogurt",sausage,0.001461017399389029,0.13173652694610777,2.201652189516638
"sausage, whole milk",yogurt,0.001461017399389029,0.16417910447761194,1.9466212245857328
softener,whole milk,0.000796918581484925,0.29268292682926833,1.8972102936698763
"pastry, whole milk",sausage,0.0007305086996945145,0.11340206185567009,1.8952366786045285
cat food,fruit/vegetable juice,0.0007305086996945145,0.06214689265536723,1.8494227462539914
dishes,canned beer,0.0007305086996945145,0.08148148148148149,1.762856534695615
cream cheese,uht-milk,0.0008633284632753354,0.0368271954674221,1.7383821609669028
uht-milk,cream cheese,0.0008633284632753354,0.04075235109717869,1.7383821609669028
chewing gum,newspapers,0.000796918581484925,0.06666666666666667,1.73679354094579
specialty chocolate,citrus fruit,0.0013946075175986187,0.08786610878661087,1.672677453993409
"sausage, yogurt",whole milk,0.001461017399389029,0.25581395348837205,1.6582206248936315
flour,tropical fruit,0.0010625581086465667,0.10958904109589042,1.6322371719306805
frozen fish,tropical fruit,0.0007305086996945145,0.10784313725490195,1.6062333934562945
"sausage, whole milk",pastry,0.0007305086996945145,0.08208955223880597,1.601171603124275
oil,pork,0.0008633284632753354,0.05829596412556054,1.5873790737842506
house keeping products,whole milk,0.0007305086996945145,0.24444444444444444,1.5845219304539149
"soda, whole milk",pastry,0.0009297383450657458,0.08045977011494253,1.5693824072419749
waffles,chicken,0.000796918581484925,0.043321299638989175,1.5681060816439878
beverages,sausage,0.0015274272811794396,0.0931174089068826,1.5562285719421067
"soda, whole milk",sausage,0.0010625581086465667,0.09195402298850575,1.536785436360621
napkins,pastry,0.0017266569265506708,0.0787878787878788,1.536771863714869
pastry,napkins,0.0017266569265506708,0.03367875647668394,1.5367718637148688
processed cheese,root vegetables,0.0010625581086465667,0.10526315789473686,1.5359037127702981
white wine,pip fruit,0.0008633284632753354,0.07428571428571429,1.5260495030208536
pasta,sausage,0.0007305086996945145,0.0909090909090909,1.5193219654928865
cat food,bottled beer,0.000796918581484925,0.06779661016949153,1.5146607654780466
"pastry, whole milk",soda,0.0009297383450657458,0.14432989690721648,1.5124005481063785
soft cheese,yogurt,0.0012617877540177977,0.12666666666666665,1.5018477690288712
hard cheese,pip fruit,0.0010625581086465667,0.07272727272727274,1.4940344784819548
"pastry, soda",whole milk,0.0009297383450657458,0.22950819672131148,1.4877031537793837
misc. beverages,coffee,0.0007305086996945145,0.04661016949152542,1.4869829072105714
"pastry, sausage",whole milk,0.0007305086996945145,0.22916666666666666,1.4854893098005453
"other vegetables, rolls/buns",sausage,0.0009297383450657458,0.08860759493670886,1.4808581182652187
detergent,yogurt,0.0010625581086465667,0.124031007751938,1.4705975706525058
sausage,curd,0.002922034798778058,0.048834628190898996,1.464844285455293
curd,sausage,0.002922034798778058,0.08764940239043824,1.464844285455293
"rolls/buns, sausage",other vegetables,0.0009297383450657458,0.175,1.4574944690265486
sugar,coffee,0.000796918581484925,0.045283018867924525,1.444643428205948
"other vegetables, sausage",rolls/buns,0.0009297383450657458,0.15555555555555556,1.4441156322783943
onions,chicken,0.000796918581484925,0.0398671096345515,1.4430743674929722
"other vegetables, whole milk",frankfurter,0.000796918581484925,0.05405405405405406,1.440612293709639
detergent,sausage,0.0007305086996945145,0.08527131782945736,1.4251004482530176
chewing gum,pastry,0.0008633284632753354,0.07222222222222223,1.40870754173863
oil,bottled beer,0.0009297383450657458,0.06278026905829596,1.4025894532341552
waffles,beef,0.0008633284632753354,0.046931407942238275,1.396626760462893
canned beer,brown bread,0.002390755744454775,0.051724137931034475,1.3933131824070075
brown bread,canned beer,0.002390755744454775,0.06440071556350627,1.3933131824070075
white bread,canned beer,0.0015274272811794396,0.06424581005586592,1.3899617928465935
canned beer,white bread,0.0015274272811794396,0.033045977011494254,1.3899617928465935
sugar,bottled water,0.001461017399389029,0.0830188679245283,1.3889979035639413
chewing gum,yogurt,0.0013946075175986187,0.11666666666666667,1.3832808398950132
"rolls/buns, sausage",whole milk,0.001128967990436977,0.2125,1.377453723633233
pasta,yogurt,0.0009297383450657458,0.11570247933884296,1.3718487668380295
ham,brown bread,0.0008633284632753354,0.05078125,1.3679142441860466
sliced cheese,sausage,0.001128967990436977,0.08133971291866028,1.359393337546267
"rolls/buns, whole milk",sausage,0.001128967990436977,0.08133971291866028,1.359393337546267
beef,frozen vegetables,0.0012617877540177977,0.0375494071146245,1.3559207969592701
frozen vegetables,beef,0.0012617877540177977,0.04556354916067146,1.3559207969592701
processed cheese,rolls/buns,0.001461017399389029,0.14473684210526316,1.343679018755273
salty snack,brown bread,0.0009297383450657458,0.0498220640569395,1.3420762800883632
margarine,frankfurter,0.00159383716296985,0.05010438413361169,1.3353483474051768
frankfurter,margarine,0.00159383716296985,0.0424778761061947,1.3353483474051768
candy,citrus fruit,0.0009961482268561561,0.07009345794392523,1.3343454990134338
frozen vegetables,cream cheese,0.0008633284632753354,0.031175059952038373,1.3298415092288778
cream cheese,frozen vegetables,0.0008633284632753354,0.0368271954674221,1.3298415092288778
long life bakery product,pork,0.0008633284632753354,0.048507462686567165,1.3208415427383877
frozen meals,curd,0.0007305086996945145,0.044000000000000004,1.3198247011952193
pot plants,yogurt,0.0008633284632753354,0.11111111111111112,1.3174103237095365
finished products,whole milk,0.0008633284632753354,0.203125,1.3166837064141197
packaged fruit/vegetables,rolls/buns,0.0011953778722273874,0.14173228346456693,1.3157858966766023
seasonal products,rolls/buns,0.0009961482268561561,0.14150943396226415,1.3137170509271108
sliced cheese,pastry,0.0009297383450657458,0.06698564593301436,1.3065671715794434
beef,margarine,0.0013946075175986187,0.04150197628458498,1.3046696427834668
margarine,beef,0.0013946075175986187,0.043841336116910226,1.3046696427834665
newspapers,beef,0.0016602470447602603,0.04325259515570934,1.2871493633491524
beef,newspapers,0.0016602470447602603,0.04940711462450592,1.2871493633491524
waffles,domestic eggs,0.0008633284632753354,0.046931407942238275,1.2802411970909853
herbs,yogurt,0.001128967990436977,0.10759493670886076,1.275720123592146
specialty bar,citrus fruit,0.0009297383450657458,0.06698564593301436,1.2751831307956134
dessert,curd,0.0009961482268561561,0.042492917847025496,1.2746182409173505
frozen meals,sausage,0.0012617877540177977,0.076,1.2701531631520533
detergent,tropical fruit,0.0007305086996945145,0.08527131782945736,1.2700450087793957
oil,soda,0.0017930668083410812,0.1210762331838565,1.2687306327644476
hamburger meat,coffee,0.0008633284632753354,0.039755351681957186,1.268296791582439
"frankfurter, whole milk",other vegetables,0.000796918581484925,0.1518987341772152,1.2650946566595722
cat food,tropical fruit,0.0009961482268561561,0.0847457627118644,1.2622173045650389
flour,bottled water,0.0007305086996945145,0.07534246575342465,1.2605631659056316
hard cheese,shopping bags,0.0008633284632753354,0.0590909090909091,1.2603270667010045
sliced cheese,root vegetables,0.0011953778722273874,0.08612440191387559,1.2566484922666072
butter,margarine,0.0013946075175986187,0.03992395437262357,1.2550624320312436
margarine,butter,0.0013946075175986187,0.043841336116910226,1.2550624320312436
"sausage, whole milk",soda,0.0010625581086465667,0.11940298507462688,1.2511970419302239
grapes,sausage,0.0010625581086465667,0.07476635514018692,1.2495358220876078
specialty chocolate,tropical fruit,0.0013281976358082083,0.08368200836820083,1.2463735727085739
butter milk,beef,0.0007305086996945145,0.04182509505703422,1.2446685402545874
sausage,frozen vegetables,0.002058706335502723,0.03440621531631521,1.2424191612303943
frozen vegetables,sausage,0.002058706335502723,0.07434052757793765,1.242419161230394
coffee,frankfurter,0.001461017399389029,0.04661016949152542,1.242222888855557
frankfurter,coffee,0.001461017399389029,0.03893805309734513,1.242222888855557
sausage,bottled beer,0.0033204940895205206,0.05549389567147613,1.2398027908324742
bottled beer,sausage,0.0033204940895205206,0.07418397626112759,1.2398027908324742
onions,whipped/sour cream,0.0010625581086465667,0.053156146179402,1.227646087683183
chicken,curd,0.001128967990436977,0.040865384615384616,1.2257987281642662
curd,chicken,0.001128967990436977,0.03386454183266933,1.2257987281642662
beef,brown bread,0.0015274272811794396,0.04545454545454545,1.224426736054643
brown bread,beef,0.0015274272811794396,0.041144901610017895,1.224426736054643
brown bread,pork,0.0016602470447602603,0.044722719141323794,1.2177842763653774
pork,brown bread,0.0016602470447602603,0.045207956600361664,1.2177842763653774
butter milk,shopping bags,0.0009961482268561561,0.05703422053231938,1.2164607546397523
domestic eggs,coffee,0.0013946075175986187,0.03804347826086956,1.2136836772291817
coffee,domestic eggs,0.0013946075175986187,0.044491525423728806,1.2136836772291817
napkins,citrus fruit,0.0013946075175986187,0.06363636363636363,1.2114239742558326
processed cheese,bottled water,0.0007305086996945145,0.07236842105263158,1.2108040935672515
"pastry, rolls/buns",whole milk,0.0007305086996945145,0.18644067796610167,1.208533675769935
hygiene articles,bottled beer,0.0007305086996945145,0.05365853658536585,1.1987985814576245
butter milk,butter,0.0007305086996945145,0.04182509505703422,1.1973427402449073
meat,domestic eggs,0.0007305086996945145,0.04382470119521912,1.1954933887637853
waffles,curd,0.0007305086996945145,0.039711191335740074,1.19117752815453
butter,fruit/vegetable juice,0.0013946075175986187,0.03992395437262357,1.1880926975157424
fruit/vegetable juice,butter,0.0013946075175986187,0.04150197628458498,1.1880926975157424
beverages,soda,0.0018594766901314915,0.11336032388663968,1.187877353573431
grapes,whipped/sour cream,0.0007305086996945145,0.0514018691588785,1.1871308984576572
berries,fruit/vegetable juice,0.0008633284632753354,0.03987730061349694,1.1867043332767526
cat food,citrus fruit,0.0007305086996945145,0.06214689265536723,1.1830694179576735
red/blush wine,rolls/buns,0.0013281976358082083,0.12738853503184713,1.1826242666520062
"sausage, whole milk",rolls/buns,0.001128967990436977,0.12686567164179105,1.177770211826196
"bottled water, whole milk",soda,0.000796918581484925,0.11214953271028037,1.1751897449905373
"rolls/buns, soda",other vegetables,0.001128967990436977,0.14049586776859505,1.1701254296789292
uht-milk,frankfurter,0.0009297383450657458,0.0438871473354232,1.1696507337642523
chocolate,pip fruit,0.0013281976358082083,0.05681818181818182,1.167214436314027
"sausage, soda",whole milk,0.0010625581086465667,0.17977528089887643,1.165327671018201
meat,root vegetables,0.0013281976358082083,0.0796812749003984,1.1626362765990301
frozen meals,bottled beer,0.0008633284632753354,0.052000000000000005,1.1617448071216618
hygiene articles,canned beer,0.0007305086996945145,0.05365853658536585,1.1609055228483318
"tropical fruit, whole milk",yogurt,0.000796918581484925,0.09756097560975609,1.1567505281352024
napkins,pork,0.0009297383450657458,0.04242424242424242,1.1551975450709626
salty snack,canned beer,0.0009961482268561561,0.05338078291814947,1.1548963062952509
dish cleaner,whole milk,0.0008633284632753354,0.17808219178082194,1.15435283850005
"soda, whole milk",bottled water,0.000796918581484925,0.06896551724137931,1.1538697318007662
semi-finished bread,tropical fruit,0.0007305086996945145,0.07746478873239437,1.1537732826235356
hamburger meat,margarine,0.000796918581484925,0.03669724770642202,1.153626630403555
whipped/sour cream,curd,0.0016602470447602603,0.03834355828220859,1.1501539852858504
curd,whipped/sour cream,0.0016602470447602603,0.049800796812749,1.1501539852858504
white wine,sausage,0.000796918581484925,0.06857142857142857,1.1460028539717775
meat,pip fruit,0.0009297383450657458,0.055776892430278883,1.1458232554094672
canned fish,yogurt,0.0007305086996945145,0.09649122807017543,1.1440668600635446
ice cream,canned beer,0.000796918581484925,0.05286343612334802,1.1437034786571472
white bread,domestic eggs,0.0009961482268561561,0.04189944134078212,1.1429742530969151
semi-finished bread,whole milk,0.0016602470447602603,0.17605633802816903,1.141220980640624
canned fish,rolls/buns,0.0009297383450657458,0.12280701754385964,1.1400912886408376
oil,whipped/sour cream,0.0007305086996945145,0.04932735426008968,1.1392197859638504
margarine,pork,0.0013281976358082083,0.04175365344467641,1.136937637558657
pork,margarine,0.0013281976358082083,0.03616636528028933,1.136937637558657
frankfurter,other vegetables,0.0051135608978616015,0.13628318584070798,1.1350399404808522
other vegetables,frankfurter,0.0051135608978616015,0.042588495575221236,1.135039940480852
"rolls/buns, whole milk",yogurt,0.0013281976358082083,0.09569377990430622,1.1346117620464906
margarine,chicken,0.0009961482268561561,0.031315240083507306,1.1335213585996466
chicken,margarine,0.0009961482268561561,0.036057692307692304,1.1335213585996466
misc. beverages,sausage,0.0010625581086465667,0.06779661016949153,1.1330536691811357
cream cheese,frankfurter,0.0009961482268561561,0.042492917847025496,1.1324926671513451
sausage,yogurt,0.005711249833975296,0.09544950055493896,1.1317154168159613
yogurt,sausage,0.005711249833975296,0.06771653543307087,1.1317154168159613
napkins,frankfurter,0.0009297383450657458,0.04242424242424242,1.1306623759721104
white bread,brown bread,0.0009961482268561561,0.04189944134078212,1.1286615164749503
"other vegetables, rolls/buns",soda,0.001128967990436977,0.10759493670886076,1.1274631572456684
beef,curd,0.0012617877540177977,0.0375494071146245,1.1263326142072025
curd,beef,0.0012617877540177977,0.03784860557768924,1.1263326142072025
bottled beer,frozen vegetables,0.0013946075175986187,0.03115727002967359,1.1250987340691245
frozen vegetables,bottled beer,0.0013946075175986187,0.050359712230215826,1.1250987340691245
sliced cheese,shopping bags,0.0007305086996945145,0.05263157894736842,1.122558520948263
specialty bar,bottled water,0.0009297383450657458,0.06698564593301436,1.1207442849548115
root vegetables,frozen vegetables,0.0021251162172931334,0.0310077519379845,1.1196995891658768
frozen vegetables,root vegetables,0.0021251162172931334,0.07673860911270984,1.1196995891658768
hard cheese,bottled beer,0.0007305086996945145,0.05,1.1170623145400593
hamburger meat,newspapers,0.0009297383450657458,0.04281345565749235,1.1153719987725257
salty snack,newspapers,0.000796918581484925,0.042704626334519574,1.1125367877944563
white bread,chicken,0.0007305086996945145,0.03072625698324022,1.1122018693596905
"whole milk, yogurt",rolls/buns,0.0013281976358082083,0.11976047904191617,1.1118084423015868
"rolls/buns, yogurt",whole milk,0.0013281976358082083,0.17094017094017094,1.1080572940237168
chocolate,rolls/buns,0.0027892150351972373,0.11931818181818182,1.1077023315771775
canned vegetables,whole milk,0.0009297383450657458,0.17073170731707318,1.106706004640761
napkins,newspapers,0.0009297383450657458,0.04242424242424242,1.105232253329139
meat,whipped/sour cream,0.000796918581484925,0.04780876494023904,1.1041478258744164
bottled beer,fruit/vegetable juice,0.0016602470447602603,0.037091988130563795,1.103816516343932
fruit/vegetable juice,bottled beer,0.0016602470447602603,0.04940711462450592,1.103816516343932
chocolate,beef,0.0008633284632753354,0.036931818181818184,1.0990500359324469
brown bread,frankfurter,0.0015274272811794396,0.041144901610017895,1.096566245033008
frankfurter,brown bread,0.0015274272811794396,0.04070796460176992,1.096566245033008
frozen vegetables,citrus fruit,0.00159383716296985,0.05755395683453238,1.0956352490700234
citrus fruit,frozen vegetables,0.00159383716296985,0.03034134007585335,1.0956352490700234
hamburger meat,bottled beer,0.0010625581086465667,0.04892966360856269,1.093149665604951
grapes,root vegetables,0.0010625581086465667,0.07476635514018692,1.0909222632760995
white bread,curd,0.0008633284632753354,0.036312849162011177,1.0892408021545106
"other vegetables, soda",rolls/buns,0.001128967990436977,0.11724137931034483,1.0884221267911052
dessert,shopping bags,0.0011953778722273874,0.05099150141643059,1.087577943808232
cream cheese,shopping bags,0.0011953778722273874,0.05099150141643059,1.087577943808232
specialty chocolate,canned beer,0.000796918581484925,0.0502092050209205,1.0862790362141104
newspapers,domestic eggs,0.0015274272811794396,0.039792387543252594,1.0854959630911187
domestic eggs,newspapers,0.0015274272811794396,0.041666666666666664,1.0854959630911187
semi-finished bread,yogurt,0.0008633284632753354,0.0915492957746479,1.0854718864367308
beverages,bottled water,0.0010625581086465667,0.06477732793522269,1.0837966711650926
white bread,beef,0.0008633284632753354,0.036312849162011177,1.0806302029279926
"bottled water, soda",whole milk,0.000796918581484925,0.16666666666666669,1.080355861673124
candles,whole milk,0.0007305086996945145,0.16666666666666666,1.0803558616731237
detergent,rolls/buns,0.0009961482268561561,0.11627906976744186,1.0794884294439824
waffles,shopping bags,0.0009297383450657458,0.05054151624548737,1.0779803847373213
berries,coffee,0.0007305086996945145,0.03374233128834356,1.0764661536861806
uht-milk,tropical fruit,0.0015274272811794396,0.07210031347962383,1.0738739073948325
chocolate,brown bread,0.0009297383450657458,0.03977272727272727,1.0713733940478127
berries,pip fruit,0.001128967990436977,0.052147239263803685,1.0712593844943463
"whole milk, yogurt",tropical fruit,0.000796918581484925,0.0718562874251497,1.0702393432719133
waffles,brown bread,0.0007305086996945145,0.039711191335740074,1.069715776625356
pot plants,other vegetables,0.0009961482268561561,0.1282051282051282,1.0677615157703653
hygiene articles,root vegetables,0.0009961482268561561,0.07317073170731707,1.0676403857061827
frozen meals,other vegetables,0.0021251162172931334,0.12800000000000003,1.066053097345133
hard cheese,bottled water,0.0009297383450657458,0.06363636363636364,1.064707070707071
butter,frankfurter,0.0013946075175986187,0.03992395437262357,1.0640263804300278
frankfurter,butter,0.0013946075175986187,0.03716814159292035,1.0640263804300278
napkins,coffee,0.0007305086996945145,0.03333333333333333,1.063418079096045
ice cream,rolls/buns,0.0017266569265506708,0.11453744493392072,1.0633198802805044
bottled beer,butter,0.0016602470447602603,0.037091988130563795,1.0618463065970145
butter,bottled beer,0.0016602470447602603,0.04752851711026616,1.0618463065970145
meat,other vegetables,0.0021251162172931334,0.12749003984063748,1.061805873849734
frankfurter,curd,0.0013281976358082083,0.03539823008849558,1.061805873849734
curd,frankfurter,0.0013281976358082083,0.0398406374501992,1.0618058738497338
hygiene articles,sausage,0.0008633284632753354,0.06341463414634146,1.0598197125145503
chocolate,butter,0.0008633284632753354,0.036931818181818184,1.0572610611821638
detergent,whole milk,0.0013946075175986187,0.16279069767441862,1.055231306750493
hard cheese,rolls/buns,0.0016602470447602603,0.11363636363636363,1.0549546015020737
chicken,whipped/sour cream,0.0012617877540177977,0.04567307692307691,1.05482391458235
"other vegetables, whole milk",sausage,0.0009297383450657458,0.06306306306306307,1.0539440661527233
berries,butter,0.000796918581484925,0.03680981595092025,1.0537684573934545
waffles,root vegetables,0.0013281976358082083,0.07220216606498196,1.0535079618280023
"pastry, whole milk",rolls/buns,0.0007305086996945145,0.11340206185567009,1.0527794373752652
butter,citrus fruit,0.001925886571921902,0.05513307984790874,1.049549831036422
citrus fruit,butter,0.001925886571921902,0.03666245259165613,1.049549831036422
canned beer,newspapers,0.0018594766901314915,0.040229885057471264,1.0480650678121146
newspapers,canned beer,0.0018594766901314915,0.04844290657439446,1.0480650678121146
brown bread,pastry,0.0019922964537123122,0.05366726296958855,1.0467896966270265
pastry,brown bread,0.0019922964537123122,0.038860103626943004,1.0467896966270265
hygiene articles,pastry,0.0007305086996945145,0.05365853658536585,1.0466194869202579
"soda, yogurt",whole milk,0.0009297383450657458,0.16091954022988506,1.0431022112706023
condensed milk,rolls/buns,0.0007305086996945145,0.11224489795918366,1.0420367900551095
dessert,sausage,0.001461017399389029,0.06232294617563739,1.0415748318676445
misc. beverages,bottled beer,0.0007305086996945145,0.04661016949152542,1.0413292762661568
butter,newspapers,0.0013946075175986187,0.03992395437262357,1.0400949912508057
newspapers,butter,0.0013946075175986187,0.03633217993079585,1.0400949912508057
pasta,soda,0.000796918581484925,0.09917355371900825,1.0392173778015494
pastry,sausage,0.0031876743259397,0.062176165803108814,1.0391217587826997
sausage,pastry,0.0031876743259397,0.05327413984461709,1.0391217587826997
ham,whole milk,0.0027228051534068268,0.16015624999999997,1.0381544608265172
frozen vegetables,canned beer,0.0013281976358082083,0.047961630695443645,1.0376526365114804
sausage,soda,0.005910479479346527,0.09877913429522753,1.0350843453149174
soda,sausage,0.005910479479346527,0.061934585942936674,1.0350843453149172
citrus fruit,yogurt,0.004582281843538319,0.08723135271807839,1.0342753615974996
yogurt,citrus fruit,0.004582281843538319,0.05433070866141733,1.0342753615974996
shopping bags,root vegetables,0.0033204940895205206,0.0708215297450425,1.0333629795550872
root vegetables,shopping bags,0.0033204940895205206,0.04844961240310077,1.033362979555087
whole milk,bottled beer,0.007105857351573914,0.04606112785191563,1.0290630017717293
bottled beer,whole milk,0.007105857351573914,0.15875370919881304,1.029063001771729
grapes,soda,0.0013946075175986187,0.09813084112149532,1.02829102686672
fruit/vegetable juice,rolls/buns,0.003718953380262983,0.11067193675889327,1.0274340466802805
rolls/buns,fruit/vegetable juice,0.003718953380262983,0.0345252774352651,1.0274340466802803
"rolls/buns, whole milk",pastry,0.0007305086996945145,0.05263157894736842,1.0265884919552768
hard cheese,yogurt,0.0012617877540177977,0.08636363636363636,1.0239871152469577
frozen vegetables,frankfurter,0.0010625581086465667,0.03836930455635492,1.022592899132022
berries,other vegetables,0.0026563952716164166,0.12269938650306748,1.021906726749552
chewing gum,sausage,0.0007305086996945145,0.06111111111111111,1.0213219879146627
specialty bar,yogurt,0.0011953778722273874,0.08612440191387559,1.0211505858418415
white bread,newspapers,0.0009297383450657458,0.03910614525139665,1.0187895072587037
frozen fish,whole milk,0.0010625581086465667,0.1568627450980392,1.0168055168688224
beef,citrus fruit,0.0017930668083410812,0.0533596837944664,1.015790288972282
citrus fruit,beef,0.0017930668083410812,0.03413400758533502,1.0157902889722819
ham,canned beer,0.000796918581484925,0.046875,1.0141433189655171
frankfurter,domestic eggs,0.0013946075175986187,0.03716814159292035,1.0139091958445556
domestic eggs,frankfurter,0.0013946075175986187,0.03804347826086956,1.0139091958445556
butter milk,citrus fruit,0.0009297383450657458,0.053231939163498096,1.0133584575524075
pastry,newspapers,0.0019922964537123122,0.038860103626943004,1.0123796546963801
newspapers,pastry,0.0019922964537123122,0.05190311418685121,1.0123796546963801
domestic eggs,bottled beer,0.0016602470447602603,0.04528985507246376,1.0118318066486043
bottled beer,domestic eggs,0.0016602470447602603,0.037091988130563795,1.0118318066486043
sugar,bottled beer,0.000796918581484925,0.045283018867924525,1.011679077319299
salty snack,sausage,0.001128967990436977,0.0604982206405694,1.0110790304169746
"frankfurter, other vegetables",whole milk,0.000796918581484925,0.15584415584415584,1.0102028836424015
oil,other vegetables,0.0017930668083410812,0.1210762331838565,1.0083882296916544
"other vegetables, sausage",whole milk,0.0009297383450657458,0.15555555555555556,1.0083321375615821
onions,canned beer,0.0009297383450657458,0.046511627906976744,1.0062817428495054
bottled beer,newspapers,0.0017266569265506708,0.03857566765578635,1.0049695563336174
newspapers,bottled beer,0.0017266569265506708,0.04498269896193772,1.0049695563336174
berries,beef,0.0007305086996945145,0.03374233128834356,1.0041344358495599
curd,margarine,0.0010625581086465667,0.03187250996015937,1.0019546032987052
margarine,curd,0.0010625581086465667,0.03340292275574113,1.001954603298705
